,CN_r,CN_p,CN_std,US_r,US_p,US_std,EU_r,EU_p,EU_std
0,0.10361452485977288,0.04178041708745444,0.10406281325185796,0.1492525431050718,0.07006720978445644,0.1404858037198149,0.06123020491459834,0.17812247060855144,0.2296293420444252
1,-0.1378862247388276,0.010324296578658479,0.026628871500864886,-0.0766149810796347,0.036801562160718365,0.04416069556252184,-0.05171629336153657,0.17357603404433114,0.21220103630714757
2,-0.18042501274808193,8.005715161734786e-06,1.4265044889129123e-05,-0.35639210068232824,6.948071983001199e-09,2.0842026176388795e-08,-0.09846492147877636,0.10023396020505845,0.20712671433923063
3,-0.11449408449805434,0.01639801430893167,0.04041291455431304,-0.2225127988590542,0.0557533000382597,0.16459600877007388,-0.19390136857408963,0.004981808265514407,0.013154426523864024
