,CN_r,CN_p,CN_std,US_r,US_p,US_std,EU_r,EU_p,EU_std
0,0.11569914036908902,0.08542990219023483,0.15101737555961495,0.20406321169395944,0.004277941916508581,0.012759753246970318,0.11242516471723563,0.018640852052091574,0.04711187663398042
1,-0.06882936692181238,0.10708513074017025,0.1519331988708816,-0.03267608730831596,0.32963284352382105,0.3716358055393828,-0.06818037754713571,0.23242180264968396,0.34468922162730625
2,-0.2134704540063967,1.1464495567837817e-08,2.8693021638530954e-08,-0.28208782233006763,0.0002866781501022725,0.0008596919907519369,-0.10264561917083506,0.20883168505738134,0.301729375014155
3,-0.12690698316701732,0.012388187506035667,0.03044092536843506,-0.12010398178050727,0.04591289192628996,0.07892089344405127,-0.03406547762590087,0.16234630848286058,0.20875073136503514
